sha,files,py_files,test_files,py_loc,a_added,a_deleted,a_py_added,a_py_deleted,a_py_ins,a_py_del
a83d6d25285bb1eb3860dd054c866d579c3c0823,221,73,63,17061,0,0,0,0,8,2
bfa9aceb03fb728acf90436e1bb47d32c0ea5a1c,221,73,63,17062,0,0,0,0,6,5
0586188f22a8a6de4cd9d5e13e116aa1ef594201,221,73,63,17062,0,0,0,0,1,1
b5d9084f15bead8f72e684c2fd16a2a303239dee,221,73,63,17065,0,0,0,0,3,0
2659f0a5e62c9a97ef37dc2ded3ca8fda3c53c9f,221,73,63,17065,0,0,0,0,0,0
d49cfb35d4bb45e94d8c7c1920e7be99e4e10dde,221,73,63,17070,0,0,0,0,99,94
25a5d3031167566cef0fcf38b54afc6b7dcf6e86,221,73,63,17070,0,0,0,0,5,5
38eb5d3b49d628785a470e2e773fc5ac82e3c8e4,221,73,63,17065,0,0,0,0,1,6
8d5234e4c729893c3ebd732839a8e7a01a51b7bc,221,73,63,17065,0,0,0,0,1,1
2c66746a37e52a784b0cf6361cdaef765080538a,221,73,63,17065,0,0,0,0,0,0
0834da832aea6259cb74e82e4631a60e5cc644f4,221,73,63,17066,0,0,0,0,1,0
5ceb0a59dd189675710da58f88719683a4edcb66,221,73,63,17066,0,0,0,0,0,0
a3e4395a42574386a15ef6ca1afa83ff9787608f,221,73,63,17067,0,0,0,0,3,2
ab6e6301945bf42a429f52bc34602627ca0566bc,221,73,63,17067,0,0,0,0,0,0
28d09ae0fc518f2b3e9138f0fdfc2566459a52e3,221,73,63,17067,0,0,0,0,0,0
986871bf4eb85ae62124e71ed579b6baa0ddaeae,221,73,63,17067,0,0,0,0,2,2
982663d0631e1cb3bf4e66d567dc83373a3046dd,221,73,63,17067,0,0,0,0,0,0
b074a2eec95aefd252af9be120078cfa6854a2d9,221,73,63,17069,0,0,0,0,9,7
07556da918a41b633d12993179475e990c47ac8a,221,73,63,17069,0,0,0,0,0,0
909b9751eec79871164bd909b772934bc3419969,221,73,63,17069,0,0,0,0,0,0
64ba43411fbfb2e435455b0df2453d7809b7c5a8,221,73,63,17082,0,0,0,0,13,0
bac908ef35338e78422c5edc0456a22d04debfc3,221,73,63,17089,0,0,0,0,18,11
29d33203d0325f006c75fc88359872bd68c8bdf5,221,73,63,17089,0,0,0,0,0,0
aad99260d9a21b8cf7b8b0c80d408dca7400c084,221,73,63,17089,0,0,0,0,1,1
037ae3f0249a1b7d9697a9f8a47760c4fd022247,221,73,63,17089,0,0,0,0,0,0
3d61fc44280e5e77ced09e0eba9634ae5e5f4727,221,73,63,17089,0,0,0,0,0,0
96b4dcafc33a32317ba9d1193dc3758f4d70d73c,221,73,63,17090,0,0,0,0,22,21
cd8a3745047a4413387f1e8a6877fd35859e21be,215,70,61,16537,0,6,0,3,441,994
f2f027d1fbc12f3ff24f3e471e11ac56e1a5d869,215,70,61,16221,0,0,0,0,15,331
171aabc87dd8bff0367d0555c8be6105b00c22ce,214,70,61,16220,0,1,0,0,13,14
024f0d384cf5bb65c76ac59f8ddce464b2dc2ca1,214,70,61,16144,2,2,0,0,5,81
e69b49bd3d2df261316c1c5dbdd53b96d93d2f56,214,70,61,16096,0,0,0,0,192,240
7e3b8abf992be711e2961bd9155bf1ae96c81b74,214,70,61,16096,0,0,0,0,0,0
0d04b40d130a49cef0609ac95be48013528e97d9,214,70,61,16104,0,0,0,0,39,31
2062d984abd3364557a6dcbd3300cfe3e4ecf156,214,70,61,16129,0,0,0,0,63,38
d091bb00c0358e9f30006a064f3dbb671b99aeae,214,70,61,16139,0,0,0,0,11,1
5b1d47f7e45ca6304009156882fcb6e4ebe55fbc,215,70,61,16139,1,0,0,0,0,0
295e1e759f28417b564e5b6c1c65cc19d87c3a02,216,70,61,16139,1,0,0,0,0,0
51c87e6199b78cd3b4b33a5e47c7a135a772f10f,221,70,61,16128,6,1,0,0,1,12
330a3e3ddba712def955e7a2ccee92a205dfb656,221,70,61,16128,1,1,0,0,0,0
9eae42b9e11b7b0a179bb9144aa3d08e569261ce,221,70,61,16128,0,0,0,0,0,0
fd348ba8cb1aca26d85e90d007c1c8639256c583,221,70,61,16128,0,0,0,0,0,0
42817f032aec5c1b3bf4b676bccba636fe0f1490,221,70,61,16128,0,0,0,0,0,0
c34792183094b8a8c12d2dec2010e38bf39602e2,221,70,61,16128,0,0,0,0,0,0
c59e019f5c5ed032c5360599bbd56e3fd9421adc,221,70,61,16128,0,0,0,0,0,0
6eeb912a63a05684488b9c25f1dd38e727c804b3,221,70,61,16128,0,0,0,0,0,0
eec29a8fc3a1e557c176ebee5ec8bca6e3091407,221,70,61,16128,0,0,0,0,0,0
bcb4f2fd93590769816c68147840ac6eb9bdaa9c,221,70,61,16128,0,0,0,0,0,0
d4f443d8d0127d81e54c2f412a162a180615ee1f,221,70,61,16128,0,0,0,0,0,0
fcc0d6ebd9ec1c7e38ecbf1d093969e92c6a4c8b,221,70,61,16128,0,0,0,0,0,0
18a7751c7bc1779fa135eb1366cbbcc278669df6,221,70,61,16128,0,0,0,0,0,0
3ee366a199b2a73cf20e05c83b20a8e882be3400,221,70,61,16128,0,0,0,0,0,0
a54f6ee648732200b927c0b27a14adcdfdf756bc,221,70,61,16128,0,0,0,0,0,0
ecd07d680456df6e6991b40a76995e31e005d145,221,70,61,16128,0,0,0,0,0,0
9075da126c9a983917b9779dbc826841813eee3c,221,70,61,16128,0,0,0,0,0,0
3349c4914d8556ced05ba85a89868f2ffb78fd46,221,70,61,16128,0,0,0,0,0,0
fe992ca9925a6358a25e00b48c22f47a3587ef97,221,70,61,16128,0,0,0,0,0,0
2b517a18d2cbebf8aec16eb5405340d11208a6dd,221,70,61,16128,0,0,0,0,0,0
634e901966749bcb5dcc43a7a64b3865e2ae1aa3,221,70,61,16128,0,0,0,0,0,0
0a3e91b782ce557498b3375067c134cfab2b5468,221,70,61,16128,0,0,0,0,0,0
47e165d6d560fa502e41f152a69b657cf95f975a,221,70,61,16128,0,0,0,0,0,0
3fe5eecc2b57406bc9f14dbcc4fb1a76ba4ebab1,221,70,61,16128,0,0,0,0,0,0
38a0d404b71807c1292eecf33b51312d6ecc6d8a,221,70,61,16128,0,0,0,0,0,0
b82cca728341926399ef4c06a7342867f5c43c72,221,70,61,16128,0,0,0,0,0,0
cf5b1d028342a2f7c929a23d53367addf106064e,221,70,61,16138,0,0,0,0,11,1
a12a34100ac0ab85c29f87117ac0b75100b52d3c,221,70,61,16139,0,0,0,0,2,1
4e854ee49687ceac90985526928d901570d3585d,221,70,61,16139,0,0,0,0,0,0
d0d7b796c4b49361be8e358f905dde16ae5021e3,221,70,61,16139,0,0,0,0,0,0
65a0a4b585781b5dd3db4009de3195e2ac7f049f,221,70,61,16139,0,0,0,0,0,0
a40c381ffdc4c28a19a0910c4da8ec54e3ae63cf,221,70,61,16132,0,0,0,0,1,8
f32f19162c936d94fb88f28f17f43dd9f195792b,221,70,61,16132,0,0,0,0,0,0
6f2fdc5ac4ad869a21c4c0281d7fa1eb8aa5a689,221,70,61,16132,0,0,0,0,0,0
2fa8eb3cfebd7d797f8d27bfd05ea5f63985665f,221,70,61,16135,0,0,0,0,7,4
165f059a731cd8346cfea9a44045d75c27219ca9,221,70,61,16135,0,0,0,0,0,0
21c3df31de4bc2f838c945bd37d185210d9bab1a,219,70,61,16135,0,2,0,0,0,0
a3d423e5ec5c1389c354a546c05c1ca09a03e3d0,219,70,61,16135,0,0,0,0,0,0
f31a8ce4bc1cc5e189b76041714548fe43e04964,219,70,61,16135,0,0,0,0,0,0
36e6fc8ab8418d7d8ead6ed0196b2bcbbc9e91ba,220,70,61,16135,1,0,0,0,0,0
37551e6798aabefd549340a7d3840b7648b413c7,220,70,61,16122,0,0,0,0,0,13
fc0aa7ac978b56e83dccde94214b1900a2ee1c3f,220,70,61,16122,0,0,0,0,0,0
fd0a6084498e9d1990ddcf96366e8ac27b63428a,220,70,61,16122,0,0,0,0,0,0
6638432457320fd2db9c74b9135afef370ed96f0,220,70,61,16141,0,0,0,0,56,37
216d97c21abe9674fe1dd6364b64051b0d09d0b0,220,70,61,16141,0,0,0,0,0,0
632f85b65354ad573bb33c54a0a9dd3ffcef371f,221,71,61,16114,1,0,1,0,468,495
eb865f8c24572065a4f1c7ec8316e0d9d0eab381,221,71,61,16114,0,0,0,0,0,0
fd0f89ebf3ef44fd40372db48f25009bdad6d162,221,71,61,16114,0,0,0,0,1,1
5bf8cc225f1e7f7efb2e8aa1f8e2c11190c1e5f8,221,71,61,16114,0,0,0,0,0,0
1a9059dd3a0c1a8574f6555e92f3ec3c596284f5,221,71,61,16114,0,0,0,0,0,0
e071734b4e9f5c21fe65400b167ff327c6c1f7bc,221,71,61,16114,0,0,0,0,0,0
8952a178715c0f47f71a3600e9cfd49dd518096e,221,71,61,16114,0,0,0,0,1,1
fe55f92cdc575d00204a134b2d556c1053e1ed4e,221,71,61,16114,0,0,0,0,0,0
6d3f87ee071ea061f0af2ba7d29b148841090b59,221,71,61,16114,0,0,0,0,0,0
5bfe236fb531045497396bc85ee5026c6c9c68eb,221,71,61,16114,0,0,0,0,1,1
a1fb8f143f5deb545a10ac2758cb7a2b2bd68df3,221,71,61,16114,0,0,0,0,0,0
baaf8642373bdc4c99a6cf6a2c54cfbb03b203ab,221,71,61,16114,0,0,0,0,0,0
e0d7d402e188f6b70f0cfe157a265550479afa5a,221,71,61,16114,0,0,0,0,0,0
de464c03e134127140e5622e230790806a133ff9,221,71,61,16114,0,0,0,0,0,0
598c56c4983b33cbd9178f28516ebee33dd10fdd,221,71,61,16114,0,0,0,0,0,0
7e312c421ee1ccd57a6f1a5c43a00e8e4ec6a7d9,221,71,61,16114,0,0,0,0,0,0
4e8b0204942d89c7956f4e1a20e97b1a16ba6800,221,71,61,16114,0,0,0,0,0,0
8efea0ccbbf0985e0c3c001e5bd90b4912a18f54,221,71,61,16142,0,0,0,0,29,1
bdf7083cfdeef0e0bdd0bf6d4c23b26c92b52d95,221,71,61,16142,0,0,0,0,1,1
8c6baeedab60e0041317c2709df100dfd216c2ef,221,71,61,16142,0,0,0,0,15,15
967b2350354a59a2b8ae0f5a481511353bfec136,221,71,61,16142,0,0,0,0,1,1
c5a5d9b30bafcc242c0ae6004d71f7238e002e06,221,71,61,16142,0,0,0,0,0,0
1035efc7d6e49a459ec2dcbfab9526a7347d6f2e,221,71,61,16143,0,0,0,0,1,0
070a0c1c759e686ac03e9cdfca64b116665df6d4,221,71,61,16143,0,0,0,0,0,0
5d60cce2429e2c7e11e9acc5ea030464bf169f84,221,71,61,16143,0,0,0,0,1,1
06495e791b59461cb8cf8c0bb3221f7fd4a14da8,221,71,61,16143,0,0,0,0,1,1
7c20611cdded4176cb4d17e3292137b96feec356,221,71,61,16143,0,0,0,0,0,0
8ad9b41850a2d2d74d7702474d13e06e702256af,222,72,62,16175,1,0,1,0,412,380
65de6ccc0fc54790d84d1124f9f1236e0fc7b7d8,222,72,62,16175,0,0,0,0,0,0
f7e33f240ee595349a46bf4eef95e1d9bdfee3da,222,72,62,16175,0,0,0,0,0,0
aa0c9493c67a878b4e67dbe620e0d780cf961d56,222,72,62,16175,0,0,0,0,0,0
3b57c19e3bd6acf729ae40ece710b20f7f5997e7,222,72,62,16175,0,0,0,0,0,0
373f0dd82e68ab7cac7a77344e715dbe68faebd3,222,72,62,16173,0,0,0,0,5,7
7a444c5dab97d640282ec8fc4838bef2c128273f,222,72,62,16181,0,0,0,0,37,29
22987b68173e9bf56cc450cb7aeb93f5480a2660,222,72,62,16196,0,0,0,0,18,3
15a49e72977d7a44ec4f54de7078053fbfb4f3b6,222,72,62,16196,0,0,0,0,0,0
bbb273bb761461ab329f03ff2d9002f6cb81e2a4,222,72,62,15787,0,0,0,0,220,629
f325b8b5be07233747c2968af281552437067215,223,72,62,15787,1,0,0,0,0,0
b2464883ce2cb7fe1b5d48509dd9a3a3ea7aeb01,223,72,62,15787,0,0,0,0,0,0
11798fd01b275b2dbb448c15ecdba0c9a7d973ad,223,72,62,15787,0,0,0,0,0,0
d6b974f821fe37bb782a80e64174ee3180fc5215,223,72,62,15787,0,0,0,0,0,0
0855252f8c07084745fc598579ad40447a26d1f5,223,72,62,15787,0,0,0,0,0,0
28a3eb106c20eb6c3b9064f27f07a2ca89c0a4d7,223,72,62,15787,0,0,0,0,0,0
9b62405f349ae3ec6164d87e801aab2d214cd23a,223,72,62,15787,0,0,0,0,0,0
de0af038627fd4f45bfe61ca9aed36b8e10770d5,223,72,62,15787,0,0,0,0,0,0
27a36f1446a9fb3639da91794b87b333ff3ab83e,223,72,62,15787,0,0,0,0,0,0
50eb6e579ff403d59f8b80c17718682a240b8c08,223,72,62,15787,0,0,0,0,0,0
959c64e8ceb76a059aa20cfc048c4b2ff078090a,223,72,62,15787,0,0,0,0,0,0
d42eac90f6e3f0c84736005a78c262a66187cc74,223,72,62,15787,0,0,0,0,0,0
7d2ba3e1fc55e8d04308ede674263727c85c86d2,223,72,62,15787,0,0,0,0,1,1
2fab8a31ae2639b3eacdd3935d58203b09650f29,223,72,62,15787,0,0,0,0,3,3
c676c2c4f381e8eec3932d8bd53fdbafda70aef7,223,72,62,15789,0,0,0,0,2,0
7f206913e1ec078cebaa590f66c6d137d15bdca9,223,72,62,15789,0,0,0,0,0,0
d887d32f4d0effedb6bf40f3d2ad790036934387,223,72,62,15789,0,0,0,0,0,0
9f7ac04aaf008305770b04ec64b671e916994749,223,72,62,15793,0,0,0,0,45,41
557e2147dd9c61a4f8ee5cab1d51c1bc355bc5f3,223,72,62,15793,0,0,0,0,0,0
963f68abf43a4dc22aae2e6cededc216feaa4366,223,72,62,15793,0,0,0,0,0,0
d1b36ced14f15747554594567f133b8fad28ceac,223,72,62,15793,0,0,0,0,0,0
096ac67b97f5ca5f3ccd44f45847cf341a3e1c32,223,72,62,15793,0,0,0,0,0,0
e783424fbb207a7ea1656cb906e02e1185d7883a,223,72,62,15793,0,0,0,0,0,0
6c828c3bbae18d10844524046f63fb3a26807dea,223,72,62,15793,0,0,0,0,0,0
8b28c218c93a79780b5d6182ca8433da2f2fac7f,223,72,62,15793,0,0,0,0,0,0
93261454e6d0bc1c3c7bea5c69a3cbd2846984b6,223,72,62,15793,0,0,0,0,0,0
6355f121761a79e878d3b96b82d097196341271a,223,72,62,15793,0,0,0,0,0,0
15f0fc2d24a6e5cc35216b81b360be6ab89a7a4c,223,72,62,15793,0,0,0,0,0,0
fdf5d11b515aa2d0937ccc31ef7f20b94d3a8794,224,73,63,15815,1,0,1,0,25,3
192f4ae0b2a4e7d73c0b0472e53e33250175d786,224,73,63,15802,0,0,0,0,21,34
ff3fb96896ef2814b695c0689009434368ca9ca3,224,73,63,15748,0,0,0,0,0,54
ee089488ad948dfeac4cddd53ae0f07935ed2ab5,224,73,63,15748,0,0,0,0,0,0
adeaf27e767f7bd37996d999eba135d63e890408,227,73,63,15748,5,2,0,0,0,0
aee3f3fee974ffb8e2ed7848c9e5744df5d7a5de,227,73,63,15748,0,0,0,0,0,0
dcd3b5c8f86c70c34a4487a943300cbf6adce9aa,227,73,63,15744,0,0,0,0,5,9
4846e25e92638a1db5aa2b41f65eed7585366109,227,73,63,15739,0,0,0,0,12,17
e4e66186c319481a162236777b41e52fe269d5ff,227,73,63,15739,0,0,0,0,0,0
82d69cd06c7ff738774c5ab7ef48bc6251f5c014,227,73,63,15739,0,0,0,0,0,0
5fea7caba29b872e5b2e3511d1c1732d0fe1ba3e,227,73,63,15797,0,0,0,0,58,0
6d9d79c70da0104474564dfed510fc74eef1cb85,227,73,63,15798,0,0,0,0,28,27
3316604822644889a373018490f2534a1dafd9aa,227,73,63,15802,0,0,0,0,8,4
510c38cc63fd1d88772d6680713c38dd83e277b4,227,73,63,15812,0,0,0,0,590,580
020331522be03389004e012e008ad7db81ef8116,227,73,63,15812,0,0,0,0,0,0
ecb3450f19d3d817b4b857bb5831b309131b37e1,227,73,63,15812,0,0,0,0,0,0
85b8fab268cda37c18cf77b6de3129da28adeb87,227,73,63,15812,0,0,0,0,0,0
9ddef0144ff47c74addb87433edb776219eb09da,227,73,63,15812,0,0,0,0,0,0
1a79d2d235e11d5c2284c8ecfffb9cd192ac769e,229,74,64,16060,2,0,1,0,270,22
5f03ad3004c41f2e0356f0332ea09e67192c5fab,229,74,64,16060,0,0,0,0,0,0
85dce2c836fe03aefc07b7f4e0aec575e170f1cd,229,74,64,16075,0,0,0,0,16,1
64213fc0214c1044fa2c9e60d0e2683e75d125c0,229,74,64,16147,0,0,0,0,128,56
16f51ef79989e5d7677e8241a438fe37836a994d,229,74,64,16165,0,0,0,0,18,0
8ab4967703c2f5c500174f46b672d80e32f55d85,229,74,64,16168,0,0,0,0,26,23
f3ed1322a6d28470c259d6948906acd93bddb78b,229,74,64,16167,0,0,0,0,19,20
fab26dcbe9215492420d28c47d50167716faaf4f,229,74,64,16169,0,0,0,0,11,9
39887ee4dfafb172312ba7db8c60728dd7181f9f,229,74,64,16173,0,0,0,0,5,1
34eb0dad154177825885d0b9d895538f26a8aee8,229,74,64,16173,0,0,0,0,5,5
03db9194d8d229d04e6a37b14bbe2499d23922d5,230,74,64,16173,1,0,0,0,0,0
c791f6312b092678c2a152d0605e49c26831cb05,230,74,64,16173,0,0,0,0,0,0
e6e75e55470a0682ee8370e6d68062e515a248b9,230,74,64,16173,0,0,0,0,0,0
b8ddd52a0dffe33d7a083cd949479835d6ae2787,230,74,64,16173,0,0,0,0,0,0
1a8549debb914eecc85cf63034093b55792c7e8f,234,75,64,16531,4,0,1,0,819,461
1ccf063f80a7f104d6f7ee62fc9bedb4b94b249c,234,75,64,16534,0,0,0,0,52,49
77db3d5ede84bfdc6973154426973886b979f870,234,75,64,16551,0,0,0,0,18,1
0d63f1021d3608580f86e82448922922bf6300e5,235,75,64,16551,1,0,0,0,0,0
83b2f8f0f15053561c08c93ffe0de4a8a5adf829,235,75,64,16551,0,0,0,0,0,0
0c198dffc34f30883d9056c4e42e9858edd06e96,235,75,64,16551,0,0,0,0,0,0
98fbb6a3a722b7e3b6fd7152a15f4f234651a821,235,75,64,16551,0,0,0,0,0,0
8bfce88e39dd427dc1258a04c6b0cafa9667ff3e,235,75,64,16551,0,0,0,0,0,0
188f4785adc4eddd0b185f33b400c2812915624f,235,75,64,16551,0,0,0,0,0,0
47f0e799db8d8e379a1fd9bf48ce3a8b7d5bfe73,235,75,64,16502,0,0,0,0,59,108
d7ac6f5bcf324e7fc588e501b2f18669efd5a12a,235,75,64,16502,0,0,0,0,1,1
3c9b85469ef4abda1e996a5ec0e7bef0f1a0b394,235,75,64,16502,0,0,0,0,0,0
e1b3a053ba426e5b1aa7bd2af138e03c7f303592,235,75,64,16502,0,0,0,0,0,0
2c88e8a0aa7ee724b844cbe48013a1e7314e9049,235,75,64,16503,0,0,0,0,1,0
28262c34c67eb1adeefb847c27b8cefa090970fa,235,75,64,16503,0,0,0,0,0,0
9c1e7f6cdc6916d268aa9c44d46c06f5769fdcf0,235,75,64,16503,0,0,0,0,0,0
2f0c62f5e6e290843f03c1fa70817c7a3c7fd661,235,75,64,16506,0,0,0,0,14,11
6fb1101f7075b4ff8197f3ef3b9fecfa41dc34ee,235,75,64,16506,0,0,0,0,1,1
2846abaefed01f1da0d58ca3a83a2a09bea71e9c,235,75,64,16506,0,0,0,0,1,1
905e5c23e8c5f6362b38ec1b5526fe999f491229,235,75,64,16506,0,0,0,0,1,1
19f458f9cd6c56c6d07c1020e1e4ba32b31edc86,235,75,64,16506,0,0,0,0,1,1
22d82e70b3647ed16c7d959a939daf533377382b,235,75,64,16506,0,0,0,0,0,0
d575de5159a6e40944275763c9ada2801214058b,235,75,64,16506,0,0,0,0,0,0
4240ace59710d86c478111affd4ad6fb4c8cad9e,235,75,64,16528,0,0,0,0,184,162
1ce0f774c947ee39924cf6604e444b23c51e4cec,235,75,64,16528,0,0,0,0,5,5
636f195bb538864053bd0cc8b37844818a1fcd3d,235,75,64,16527,0,0,0,0,0,1
9039534eee6a87da98a1dee9e4338d1b73e861f8,235,75,64,16536,0,0,0,0,25,16
83f7efa04708a22c9701488f0f29b59c2b756bef,235,75,64,16566,0,0,0,0,61,31
7161776824734fc2797fe2b4fc974d183487ebf8,235,75,64,16705,0,0,0,0,234,95
6f5870a791a91b726272413c5e2c563a6b2a9c2f,235,75,64,16710,0,0,0,0,14,9
cd0086bc4b6fc4720b921b85eb9050c681ca601b,235,75,64,16710,0,0,0,0,0,0
aac67289e517bda4ef488819edab74539ef8e9b9,235,75,64,16710,0,0,0,0,0,0
ba6db2e30783f81673bb8a6b5218f7bb8efa8f27,235,75,64,16770,0,0,0,0,80,20
01e804a6e1207410042edddf4c6b8d75b5fe4b63,235,75,64,16770,0,0,0,0,0,0
e145f9c6ecc27f771db1b202518f6aa5e7ae7762,235,75,64,16770,0,0,0,0,0,0
c6d8beeb9ed8839d43dfc2979acb28152be85fff,235,75,64,16770,0,0,0,0,0,0
7b3bb7b13f2717b8c738e0f7a34c7521d7080559,235,75,64,16770,0,0,0,0,0,0
28507154fa5fa6f4ec32b3e7d205a9a6fc8cf8de,235,75,64,16770,0,0,0,0,0,0
8e62bf6b17238bc09e6ad01eae64d5c2d559aad8,235,75,64,16770,0,0,0,0,0,0
7a73171edc3bcffef96ef6367977ab3ae9af9350,235,75,64,16770,0,0,0,0,1,1
f5f51cd09c094cc15e7e6385cf27564bedc30b1b,235,75,64,16770,0,0,0,0,0,0
4550beb695e9090259957d4ea1a7a8af9d7b2802,235,75,64,16770,0,0,0,0,0,0
625595cb1a0a70c34a82b5c151d02e6359d5e191,235,75,64,16770,0,0,0,0,0,0
e248e09399b21b0d21d3c8005a30c4dc4d430faa,235,75,64,16770,0,0,0,0,0,0
0826be48ed50c9ac73160ba7225715659961a992,235,75,64,16770,0,0,0,0,0,0
afc13b9390ae2e40f4731e815b49edc9ef52ed4b,235,75,64,16819,0,0,0,0,90,41
7e40882e02c466448e01611d03c5d46e56c5eab4,235,75,64,16819,0,0,0,0,0,0
13c0eef54c53be6c9c5c78626004b6a63ec09cc3,235,75,64,16819,0,0,0,0,0,0
d4b540eb7d1f1b18ed516a0dd4e7d1ac5e537f38,235,75,64,16819,0,0,0,0,0,0
a430c43736ab029b472c9641aa0b6203638391c2,235,75,64,16819,0,0,0,0,0,0
53eef278efd59222be406ff5be737f48c92f8313,235,75,64,16819,0,0,0,0,0,0
e4373eba1cdd4b288b9d37e784bd26e0ca32056c,235,75,64,16819,0,0,0,0,0,0
d7199c87854c574f46288fd1086fa31fb42c1446,235,75,64,16819,0,0,0,0,0,0
048709c8e7d4d3916193bd2c735ee93c073ab686,235,75,64,16819,0,0,0,0,0,0
d01d26e5210e3ee4cbbdef12f05c886e08e92852,235,75,64,16819,0,0,0,0,0,0
6f852d0d22a9be486f3881d500ae83292a76cd46,235,75,64,16819,0,0,0,0,0,0
24aab7a08d0b3f40d9fc9e49706854ef8be7a05f,235,75,64,16819,0,0,0,0,0,0
aa1d34dc51fc63dabc46f388822ba73b15d3ef97,235,75,64,16819,0,0,0,0,4,4
f4a2c35691e6d1e263ef78de1d6fc2f79f38b096,235,75,64,16820,0,0,0,0,21,20
5684f48f7037f33312a1c6b2a4c6d877f66685cd,235,75,64,16898,0,0,0,0,140,62
1cf43e08e3211e7ff21005dd778613e39b20a449,235,75,64,16898,0,0,0,0,0,0
fb82e3cba6646241a45882a15625eaf4601a9e45,235,75,64,16900,0,0,0,0,3,1
44bc286c03ff3f8e783b4f79f75eb3a464940ca0,235,75,64,16902,0,0,0,0,2,0
0ae0f5957fde73c4824ae2d7080351f2c52bf260,235,75,64,16902,0,0,0,0,0,0
3c36d043e578e9e5d5653893103105d1e201ea03,235,75,64,16902,0,0,0,0,0,0
ea93a52d7d94ba093bbce4680c622cc4fc9771d8,235,75,64,16876,0,0,0,0,1,27
7620cb70dbcbf71bca651e6f2eef3cbb05999272,235,75,64,16665,0,0,0,0,45,256
7860c1de87400ab8e43a2b4dada7d8b8f0eb51ab,235,75,64,16665,0,0,0,0,0,0
ea66c685537c437e38b2ff3627fb7733e37fa4cd,239,75,64,16683,4,0,0,0,30,12
6b0c8cdac1fb9bbec88de3a514907c19e372c72a,239,75,64,16689,0,0,0,0,26,20
04c6a85518c600fc34705dee30dd17c188ef1aaa,239,75,64,16689,0,0,0,0,1,1
9486b6cf57bd6a8a261f67091aca8ca78eeec1e3,239,75,64,16707,0,0,0,0,20,2
edac7e3a560d93ac9f13bf162e677413b03a27e1,239,75,64,16707,0,0,0,0,1,1
c627b5e77310e67bc6a7e789f8ec5ea368f1c88c,239,75,64,16707,0,0,0,0,0,0
2952e6a323e085d1547461b89184e2239090fe1a,239,75,64,16707,0,0,0,0,0,0
79b3cecc3db0ca8efe2ba1eb43b7d7572811cdfc,239,75,64,16707,0,0,0,0,0,0
9504de9dd00a7c94f37eb5225588cfb952a37d7f,239,75,64,16707,0,0,0,0,0,0
93a7f08bbca37de2ef73cc21ebfcb6e446087616,239,75,64,16707,0,0,0,0,0,0
0fb5c2f034fc2f4cfe920408bb97c9d07ef0995e,239,75,64,16722,0,0,0,0,22,7
660994efc761efdfd49ca442b73f6712dc77b6cf,239,75,64,16722,0,0,0,0,0,0
e103747c544494d67aad64ec2da668d2d69493c3,239,75,64,16722,0,0,0,0,0,0
d03df1fff396052d55bedbfc10cbe41a98caad14,239,75,64,16722,0,0,0,0,0,0
fdac8a5404e3e3a316568107a293f134707c75bb,239,75,64,16703,0,0,0,0,5,24
17c46b2ddd8b5111369cdc68d5e0e46e9aa46ade,239,75,64,16710,0,0,0,0,13,6
694eb84f414436fc88f2ef757aea8ed8360500f3,239,75,64,16710,0,0,0,0,0,0
bc094dbe6a15eebec6d1704fb16c6c74d0250b0e,239,75,64,16711,0,0,0,0,2,1
e37e87140e29b4ae5bc4024bd0305541e0ed9457,239,75,64,16723,0,0,0,0,16,4
7c5f17a55e8cd233db17f4944a482cc497a6e7c6,239,75,64,16723,0,0,0,0,0,0
e06dad62f6b49dff935f241114b3590774e2786a,239,75,64,16724,0,0,0,0,31,30
48ee204dd5bdc47f397553fb45b5fe37003c07d1,239,75,64,16744,0,0,0,0,21,1
b6a8ccd2cf65939401fe4ccb6b550d2b19423b06,239,75,64,16744,0,0,0,0,0,0
642ca6ea687d8631eac8dce9e060e41d2738ca48,239,75,64,16744,0,0,0,0,0,0
3897a518014931a82c77a353e1e9c2248529b856,239,75,64,16745,0,0,0,0,2,1
4843590c4a7f2225fd18bd10963139a6f29a2a59,239,75,64,16753,0,0,0,0,8,0
8122973f8a04976bd7f9104eee5d8d36c0d02038,239,75,64,16753,0,0,0,0,0,0
b655a9db30d8e78d2fe1044d6301a432f214a16b,239,75,64,16758,0,0,0,0,13,8
0ef1e65f6ab0da680d171d49e1a56a2b0ecee05d,239,75,64,16763,0,0,0,0,7,2
cb7cd1e79b280d3fd80978ca82ae52881525a476,239,75,64,16758,0,0,0,0,31,36
7abcf57f544e3bd29c4f22a10907f976f7e056ea,239,75,64,16767,0,0,0,0,12,3
598afa0083add33a088c58183924a370be6635d5,239,75,64,16767,0,0,0,0,0,0
ce7b884b73621b59ba184aa89b67d5c5780f50eb,239,75,64,16782,0,0,0,0,61,46
425a62686f094de236a5a9eb1d6885de4730efa5,239,75,64,16790,0,0,0,0,13,5
2f5a2ab82ee17f5e14b8ecf0a4b3b07ceafeee98,239,75,64,16924,0,0,0,0,135,1
41aaaf7fa07f28ef15fd1d343142e96440889a8b,239,75,64,16917,0,0,0,0,0,7
65b0eef303dfec6b7baa66ff34253e0285e1c3bf,239,75,64,16917,0,0,0,0,2,2
b109b092a95036de875246f05cdc377a2c7faab8,239,75,64,16917,0,0,0,0,1,1
45fc77d9266cd8101b2ab1e0487053db27b57ec2,239,75,64,16917,0,0,0,0,1,1
f70abe634a7a058ce35b11893002a97085515b6f,239,75,64,16917,0,0,0,0,0,0
f59574f61198f139616868393db8785bcf9e0fdf,239,75,64,16917,0,0,0,0,0,0
a03719b01076a5bfdc2c8f4024eda7b874614bc1,239,75,64,16917,0,0,0,0,0,0
cb4f7425435c39a85c3ed17e395677597d9aaf31,239,75,64,16919,0,0,0,0,14,12
2b0b77cc1acb7381e990b17c881cb426c9ac75f5,239,75,64,16919,0,0,0,0,0,0
918fc07dd95224f990c2f01ea301e8e581fefc7f,239,75,64,16919,0,0,0,0,0,0
f976d5bb88216e921a96998f767df31d7039e4ef,239,75,64,16922,0,0,0,0,25,22
127df57a06ec7b1a8b698206b1bdefc93248de5a,239,75,64,16924,0,0,0,0,39,37
bd56d19b167822a9a23e2e9e2a07ccccc36baa8d,239,75,64,16924,0,0,0,0,13,13
542cf30e48881e9e206ec03c507335e5806d127d,239,75,64,16975,0,0,0,0,52,1
a25d234cdddf584528dd6af21db736b6faad27af,238,75,64,16982,0,1,0,0,8,1
5512a6688193758a24ef0b6825217030da9fed21,238,75,64,17069,0,0,0,0,88,1
fac630379d31baaa1667894c2b5613304285a4bb,238,75,64,17074,0,0,0,0,9,4
00e2aac9371d94011279a6340ec3e7ecc86f097e,238,75,64,17116,0,0,0,0,204,162
ca8e6217fe450435e024bcff3082d2a37445f7e1,238,75,64,17117,0,0,0,0,3,2
a52a7db6c9760adba6ceefa038b6ab69c207d7f9,238,75,64,17132,0,0,0,0,98,83
1888df34405d46ac0e7524d0de9408e37449feaa,238,75,64,17134,0,0,0,0,37,35
c6e3fc8072cc33b5f2c67ddbb723e71f67c5e9a7,238,75,64,17138,0,0,0,0,4,0
9e2e1de2fcf185ee9ebe9a546f830792403c9160,238,75,64,17124,0,0,0,0,84,98
7a2d5fb6df1f2c066b94dd88686137353ada9cc6,240,77,66,17260,2,0,2,0,194,58
aab1d9935e17e40104a28c89d4c669f7ab3cc579,240,77,66,17292,0,0,0,0,63,31
db3187fd7ab324d9175d8a1dd8c3919cec58d3b9,240,77,66,17340,0,0,0,0,127,79
dcd1a1e0b67cefc5e41d363dad5f57ef9668e965,241,77,66,17341,1,0,0,0,6,5
9139af1c62a171555213c07fe41a2b8a7c2b26fc,245,77,66,17341,7,3,0,0,0,0
97298e06fe19298c3ff9d2e0ed9ba70bb3fda2c8,245,77,66,17341,0,0,0,0,0,0
fe4003b3c998fde4c9ad8b2340f773f50079ede1,245,77,66,17352,0,0,0,0,50,39
ae547270e935b08d4deada9e28b049ff53debefe,245,77,66,17490,0,0,0,0,192,54
cec5f74110a7369992be1651c24b695d9fe55ab3,245,77,66,17532,0,0,0,0,54,12
7f2a0f4806e40fb5c139b5b20ca443948ce1f4dd,245,77,66,17534,0,0,0,0,5,3
ab36542260c61f178b6e8f61312b706ac4c5f73e,245,77,66,17643,0,0,0,0,113,4
3635583ce27f70a3d9efd1e2212d5efc1d256333,245,77,66,17645,0,0,0,0,9,7
57a95e82b7194f1809ac9f626140ab1e497e121f,245,77,66,17645,0,0,0,0,0,0
6916697a982df775a66a1ac9971985e5fa213f2b,245,77,66,17521,0,0,0,0,69,193
96d39c87a803e3a92152787a12d09bbc149556ec,245,77,66,17521,0,0,0,0,0,0
c99f07d3e4b463174d1b25cc813e2df76c182773,245,77,66,17437,0,0,0,0,6,90
1626aff602e3316642e69927333041370095c321,245,77,66,17436,0,0,0,0,16,17
559a8458c4187b3cc12b1ea5a92a393c7fbdc765,245,77,66,17466,0,0,0,0,37,7
50df54e4c7fb06df51a89d8f363e2997d2310449,245,77,66,17466,0,0,0,0,0,0
d7482cd765351e7495bfce45f9fb55732e91ab3a,245,77,66,17466,0,0,0,0,0,0
9b44bf2818d8e3cde422ad7f43fb33dfc6737289,245,77,66,17513,0,0,0,0,123,76
c757882808a7e4e29636e433463435a7eed5b952,246,78,67,17551,1,0,1,0,38,0
cbebdae698272eeea2739988ccce54b1f14a1a67,246,78,67,17586,0,0,0,0,314,279
979e0adbacfb3c5cc1ac678b4ef5373dadde83d3,246,78,67,17586,0,0,0,0,0,0
5775d1e9b1a031c7bc3bf1463acb3289594ab3e4,246,78,67,17586,0,0,0,0,25,25
4696156278c5d3f05fb09d1a605b6866b49ffbcb,246,78,67,17586,0,0,0,0,0,0
c356c6da5f25ba70bd53448ff1d1bf6ad6967fd5,246,78,67,17586,0,0,0,0,0,0
67310ab49613be97a121053dfbbced14657b96eb,247,79,67,17928,1,0,1,0,608,266
48fe96588c5318be34c843233ada92c7787e720d,247,79,67,17929,0,0,0,0,1,0
76a6b4f2b56bebf1262377ba5b39b7951155b54d,247,79,67,17929,0,0,0,0,0,0
900e11850a201717599fb12fb7cd76c37078206d,247,79,67,17941,0,0,0,0,13,1
add53e190cf90b01b37914f810a370a0cd681800,247,79,67,17941,0,0,0,0,1,1
02a08512527f997e43d1c01d03d4d473cab3b239,247,79,67,17941,0,0,0,0,1,1
095651be9eec58ddb0c2eb6158318b1c703c67c5,247,79,67,17941,0,0,0,0,2,2
633f421031c9c18b56177b0d42adcb505b4627b1,247,79,67,17853,0,0,0,0,21,109
3e5ca2902e1de0ceb8dc83d087274db61070b17d,247,79,67,17849,0,0,0,0,0,4
98ca00d54532bfdf858fe663f8fb3cc260c2048b,247,79,67,17844,1,1,0,0,88,93
cfd5783a984c81828e79641b5d761a56633fa0e8,247,79,67,17937,0,0,0,0,146,53
f3bb9b25665d5d141d899979116ad62d771815cc,247,79,67,17937,0,0,0,0,0,0
b17bb9ed563ab2857c0db9a07ec4e6407404c7be,247,79,67,17937,0,0,0,0,1,1
01dec1889127a3fc09eaa0dac905559740842992,247,79,67,17937,0,0,0,0,0,0
cb4ee201179f7c414fbcd02145a1147f2793fa46,247,79,67,17937,0,0,0,0,0,0
21aaf0ef9a21bfb8f27fdc74072a09803d9ab6fd,247,79,67,18059,0,0,0,0,161,39
795d3e25aae40031ec9021f08aba54fe7a5b5e5a,247,79,67,18059,0,0,0,0,2,2
87584e89fe65dfb76654ba65360d0b3ce32d44e2,242,79,67,18059,0,5,0,0,1,1
c779ac4f5f9046ce614c7ea30dee4838541b84b5,242,79,67,18059,0,0,0,0,0,0
36af821edf741562cdcb6c60d63f23fa9a1d8776,242,79,67,18052,0,0,0,0,1,8
73b9bacbf7e7440e5a8a65e61fecfe3d0ce75579,242,79,67,18053,0,0,0,0,5,4
00be8d24ac3a2a68f35011001e3b0b0550501afd,242,79,67,18053,0,0,0,0,0,0
c34c84b69085e6bce67d0701b8f8ba3145f42ff2,242,79,67,18053,0,0,0,0,0,0
2c7877123880d44f5d964c7370ed5dd4dbc45ad2,242,79,67,18053,0,0,0,0,0,0
9c3deeee963e62dfb60c9343fad4ec2ec752fdba,242,79,67,18053,0,0,0,0,0,0
0d8c8ba71bc6362e6ea9af08146dc97e1a0a8abc,242,79,67,18053,0,0,0,0,1,1
3dc6db9d0cfddcfb971c382b014bb56ac3761d3c,242,79,67,18053,0,0,0,0,0,0
cc66213e579d6b35d9951c21b685d0078f373c44,242,79,67,18056,0,0,0,0,4,1
066a35dd322f689ec07d7c0e82b19eacadac3c6b,242,79,67,18056,0,0,0,0,14,14
7464e17c5e61a480b65ecff611cd7bb16f80266b,242,79,67,18056,0,0,0,0,3,3
910179f9b0999685f5594284f0dc1577392034bd,242,79,67,18059,0,0,0,0,3,0
eeebb5adc7bc30c79975dece8119b82ddc063130,242,79,67,18059,0,0,0,0,0,0
74e5263c88e51bb442879ab863a5d03292fc0a33,242,79,67,18059,0,0,0,0,0,0
fa1ee7066807c21256e90089731c548b313394d2,242,79,67,18059,0,0,0,0,0,0
836866dc19218832cf02f8b04911060ac92bfc0b,242,79,67,18122,0,0,0,0,63,0
3812a52e96d8dd0630eb3263485bce6da5cda07c,240,79,67,18122,0,2,0,0,0,0
9da947a279d5ed5958609e0b6ec690160c496480,240,79,67,18122,0,0,0,0,0,0
78b42b9ac288c20c107a3b6779c322acb45be3d4,238,76,67,18099,4,6,0,3,5,28
3a35977d5fbcc424688d32154d250bc0bae918d6,238,76,67,18099,0,0,0,0,3,3
ef85270d9ada6d9b25beabb4602047fc91eef2f9,241,76,67,18099,3,0,0,0,2,2
f8228910657f964f15f771e297be37e5a4c0a7b3,241,76,67,18099,0,0,0,0,0,0
88069bd417f5fd0e271a83768391a280267d2994,241,76,67,18099,0,0,0,0,0,0
4ddb3f73baa5b60ed83d6bb48d0d447a0d8ab492,241,76,67,18098,0,0,0,0,0,1
a18ae3d75271ead93d779f4c950ad5750684c0a0,250,80,67,18246,9,0,4,0,181,33
aa040c085c8c560616069f06c34cf796c10b05f1,250,80,67,18246,0,0,0,0,2,2
ed5b240417414cbd0322efa95c91f759928ba154,250,80,67,18246,0,0,0,0,0,0
604de4b1dc0729233704a08c32612c6f1221cccb,250,80,67,18246,0,0,0,0,2,2
1ee22e1736ffd12c2222cd6215ed04ec1592adaa,250,80,67,17428,0,0,0,0,58,876
704b68948f7bb94a3a4fa15e99243d4ed82081c5,250,80,67,17451,0,0,0,0,37,14
c690f529f28a8fd7ecdac90939944475613760a5,250,80,67,17451,0,0,0,0,16,16
4c288bc97ea371817199908d0d9b12de9dae327e,250,80,67,17463,0,0,0,0,18,6
2ad4d8d717dfe1e15b8205a825a5d3a8cb106acc,251,80,68,17477,1,0,0,0,19,5
5cdfeae2e82541577e17f5179d91775550e34ebd,251,80,68,17477,0,0,0,0,0,0
bc3ec352f0b41ff1123de3f2816c657012d7071f,251,80,68,17477,0,0,0,0,0,0
2f67e0fe4aca8a8d6998b3022150f1e6d6738214,251,80,68,17477,0,0,0,0,0,0
7ee9ceb71e868944a46e1ff00b506772a53a4f1d,251,80,68,17478,0,0,0,0,5,4
7ed89d3f9d2207c9a607f5dcdce106c0278e1332,251,80,68,17486,0,0,0,0,8,0
e8178f7bfa14ebb02418aa27c6437df19b81b911,251,80,68,17486,0,0,0,0,0,0
c2688e4f06074a9c6785d26679270718cdef5b03,251,80,68,17486,0,0,0,0,0,0
a361ef6368a27a8fccad2da227089fc1d05f5678,251,80,68,17486,0,0,0,0,0,0
daf6966c89b280725439d2951beb88640c473154,251,80,68,17486,0,0,0,0,0,0
e39d78a0ad544ac0b518ed85fc40c7a92833dee4,251,80,68,17486,0,0,0,0,0,0
67c4c7bac2fcd582ebb3474284a7c8a1e737c878,251,80,68,17486,0,0,0,0,0,0
fa0ceb62f26579c3c7d9e18926af3e6f3e6e425c,251,80,68,17475,0,0,0,0,49,60
c9a5660cfd0be150b598325697f6f19019af0ef8,251,80,68,17380,0,0,0,0,19,114
e1e4e82096efbf25aa3c65b706aec60f1b00dec7,251,80,68,17380,0,0,0,0,1,1
a05c0c6b7232aac38899234a6c4f071f9005a502,251,80,68,17350,0,0,0,0,29,59
59f81950fe4fb059ad58b8b8c171831ae5214460,251,80,68,17362,0,0,0,0,24,12
49498a323b8f5d5399a18dedacdc28d88cc78b83,251,80,68,17362,0,0,0,0,0,0
182ce3dd15dfa3537391c3efaf9c3ff407d134d4,253,80,68,17362,2,0,0,0,0,0
6931b252935188744415b301ab2e3d3bd5ee5498,253,80,68,17380,0,0,0,0,67,49
9a4d370ea221b13d7fff5e2120007986c08f85fb,253,80,68,17380,0,0,0,0,0,0
cfa863c357c4a40cfc11fe1b9a4f36d8e75cf52f,253,80,68,17380,0,0,0,0,0,0
a4ea5df5d565128118b6ceaaf372233eef23e238,253,80,68,17394,0,0,0,0,276,262
f139024b1ca637cc6df694f49817bdb8ec294561,253,80,68,17392,0,0,0,0,0,2
9659b11a45281662c6aa1194dc95b46b1f566ba6,253,80,68,17392,0,0,0,0,0,0
b4345cb4eb692c58d00579543228946ee5ad7510,253,80,68,17373,0,0,0,0,5,24
2b2a7641430bc7d40dba3c8d701636fc9b16530c,249,80,68,17373,3,7,0,0,2,2
0c5f18ab9168f9b7a8f3a6fa6509c8b20ac8720d,249,80,68,17373,0,0,0,0,0,0
cd1b68cf6ebb214bfc8cf9bc233c593f15580172,249,80,68,17373,0,0,0,0,0,0
73739a29f4c16cf539b57e711a4ea2a686cd707a,249,80,68,17373,0,0,0,0,0,0
eb33b8c8096322becac743fb6eb466aebf7af6b9,249,80,68,17373,0,0,0,0,1,1
5f4072423ec6ee0c71d5995bec41e59d044e7737,249,80,68,17373,0,0,0,0,1,1
345f18442ceb29f9e365af99fc85bdc5986323d2,249,80,68,17373,0,0,0,0,1,1
0867dce42c1a193bfe7fb5f92f0ccaa622643f48,249,80,68,17373,0,0,0,0,1,1
f07fb2b607c1eaa724ca9bfe43e2dc20d97d34de,249,80,68,17373,0,0,0,0,1,1
0bc7356ce1ae11e633426902aba76d525f4523da,249,80,68,17373,0,0,0,0,1,1
9532cba45d2339e90ebf04f178b1e4f2064e7328,249,80,68,17373,0,0,0,0,1,1
70f906c51ce49c485f1d355703e9cc3386b1cc2b,249,80,68,17398,0,0,0,0,29,4
37badc3ce8b0665e3454547839196a676729309f,249,80,68,17398,0,0,0,0,0,0
adedb2a64ea7703369bc89021710b439ee79f8dc,249,80,68,17388,0,0,0,0,7,17
4cf8b78c6c674048a393acf0280f08761a5cb2a5,249,80,68,17388,0,0,0,0,1,1
0afeb1d11cad9aa42ef25cc20b10dcd67c8cf3c9,249,80,68,17388,0,0,0,0,0,0
1e160c199bc5e76133e77f7cf0a16d21ae956078,249,80,68,17388,0,0,0,0,0,0
723091b903c0a355bbb67778b3236317e5aff3f7,249,80,68,17388,0,0,0,0,0,0
7b31099252cca1d7a5fab121cb646f78538ad7bb,249,80,68,17388,0,0,0,0,0,0
e374853c75e49c950195a57de8e19308db5bf902,249,80,68,17388,0,0,0,0,0,0
57e926c7916ef5fd7d4abac965273ea185e497d2,249,80,68,17328,0,0,0,0,59,119
d0bf462866289ad8bfe29b6e4e1e0f531003ab34,249,80,68,17328,0,0,0,0,0,0
31fd9c87912a7020a00d83d2135559433173708c,249,80,68,17330,0,0,0,0,5,3
c49757a4592f2fbd7ecfa4daccbfe8a4ec14c1e6,249,80,68,17330,0,0,0,0,0,0
fb20cbbf1efbf7dd384171b9cd2587c234f15ddf,249,80,68,17330,0,0,0,0,0,0
a3e4013f893831adb8c9f2947c29dfeeb47d2145,249,80,68,17330,0,0,0,0,0,0
c9b6110dec52ff483b42b1428221f903bf143788,249,80,68,17330,0,0,0,0,0,0
935ee742b49cfcda876eaf366d53bf150bcafd44,249,80,68,17331,0,0,0,0,6,5
4d6ae8273a54e3407ab5046fc0856a9d40097e74,249,80,68,17331,0,0,0,0,0,0
4bcd4be6b7d69521115ef695a379361732bcaea6,249,80,68,17288,0,0,0,0,38,81
cc55d7b3cfb816575beef1011693f5cae6c2d3b5,249,80,68,17288,0,0,0,0,0,0
7bfbcfab8725a5e469acf2b84f6061d6afb2f649,249,80,68,17288,0,0,0,0,0,0
b1bdd9756478f178680fa119514a58b4b48efc38,249,80,68,17288,0,0,0,0,0,0
15a0d4afd481a7f8f7dcf3b45da7175ed14226c5,246,80,68,17288,0,3,0,0,0,0
326484a8d107c3af490d7d294c17832afabae785,246,80,68,17288,0,0,0,0,0,0
0da5788efbda92b6b6239352c2b9a835efe0888f,246,80,68,17288,0,0,0,0,0,0
51bf0fdd9018d63b7bc09db52a66b726c2c4bad8,246,80,68,17288,0,0,0,0,0,0
cb825687a592709f902f3d320d93987a0546fd28,246,80,68,17288,0,0,0,0,0,0
6a5277d3417b30d6e7f5c93745e8a445dcb02b1c,246,80,68,17288,0,0,0,0,0,0
b1385919bea3238d49a6e2cfc8261771775cd6e9,246,80,68,17288,0,0,0,0,0,0
7d399e80c34df8daff66f45b74fdde0edd58d63c,246,80,68,17288,0,0,0,0,0,0
80ae10f402facf375be30eb62fdaf0d34d57a66d,246,80,68,17288,0,0,0,0,0,0
3237fff4b86227a84913d3885b600738bb9479a0,246,80,68,17288,0,0,0,0,1,1
c49ce2e1eb8b598e724388bead0943837bab8027,246,80,68,17288,0,0,0,0,4,4
6d49a1e4b74fe4361cc8ab58767effece56c1f0c,246,80,68,17288,0,0,0,0,0,0
9e9acfb3fe5cf33549da1a8324b395e1fb4145b0,246,80,68,17288,0,0,0,0,0,0
6a12b191f7058a179237b4b3dfc146e559777d9b,246,80,68,17288,0,0,0,0,1,1
0e0e8ddcdc2bd572cdecd371bc0f309ac62ee9c4,246,80,68,17069,0,0,0,0,1,220
1d8b53f782570b56296d7682cbbf104b6737e805,249,82,68,17344,3,0,2,0,1812,1537
90967ccb9ab1f757c2637a68ea2e16b8da2605f4,249,82,68,17358,0,0,0,0,45,31
65271c105f7c247ecffc9a7121815276e092bd10,249,82,68,17357,0,0,0,0,0,1
153433f612585409f3494a3c44160d888c02612d,249,82,68,17357,0,0,0,0,0,0
faef9a0fcef307f1a1c380a477b392fa4371d83d,249,82,68,17376,0,0,0,0,20,1
ecc4a38b7cf95bcf8dfd9e4e6f77492977e255d3,249,82,68,17376,0,0,0,0,0,0
e8076d911490870a27122e4b34230090e6d1fc10,249,82,68,17376,0,0,0,0,0,0
8037487165a196015a646de25cbce6d0351c8fc4,249,82,68,17376,0,0,0,0,0,0
b7c1290528f907c9f41afcdfd33a2227c73e26d3,249,82,68,17376,0,0,0,0,0,0
438edcdf01c392619449a6bdbb18f6cf72ef7bb9,249,82,68,17384,0,0,0,0,8,0
3252f2bc546759a94f7a4c4938ef561d7bb6a6ec,249,82,68,17384,0,0,0,0,0,0
14232513fd618be02e0ab4b223f3105fcdde3cfe,249,82,68,17384,0,0,0,0,0,0
3652ecd9e0a3aa6595a559e2a231b11ead8a156c,249,82,68,17384,0,0,0,0,0,0
541bc8dfc2263cfa1ab2f209ce6132e1835cac9b,249,82,68,17384,0,0,0,0,0,0
beedaa4eff3919f250fad49a5092cf07c4d638e1,249,82,68,17384,0,0,0,0,0,0
8d9519df093864ff90ca446d4af2dc8facd3c542,249,82,68,17384,0,0,0,0,0,0
24653528ccb2b5ff017dd9b0d4afabfe93e2ea43,251,82,68,17384,3,1,0,0,0,0
6edfd78c9ff1fc349bcf5356097fe9453e3c7551,251,82,68,17384,0,0,0,0,0,0
9a12f34bbee68a14301bc234f50c4a9fea9003fd,250,82,68,17382,0,1,0,0,56,58
ce27ddeba1d4dec15758bc9d660316a6060bc7f3,250,82,68,17382,0,0,0,0,0,0
258311d09891c9d72fedee39cde2564cfefdc55d,250,82,68,17382,0,0,0,0,0,0
d61198941adcb191ddb591f08d7d912e40bde8bc,250,82,68,17382,0,0,0,0,1,1
b64f848d2c1f8fe9aed3acb10f68f6c8bb1271f1,250,82,68,17382,0,0,0,0,0,0
089f6a1c50ea2b18287106ecd357522bab200510,250,82,68,17382,0,0,0,0,0,0
399aa8531c60faee26333bcdae5a70b01bae2d54,250,82,68,17382,0,0,0,0,1,1
12a1c4940d3fe2fc68a7ca68df48c3f04941c53c,250,82,68,17384,0,0,0,0,3,1
708d62d7172a30c5b0ace1d212c5a3bc2b53b98c,250,82,68,17384,0,0,0,0,0,0
c2f65dd1cfff0672b902fd5b30815f0b4137214c,250,82,68,17384,0,0,0,0,0,0
7b5e176d1ab23e183d0403573358299ed6562dce,250,82,68,17384,0,0,0,0,1,1
4df377cfbfc1d15e962a61c18920b22aebc9aa41,250,82,68,17515,0,0,0,0,347,216
f32dddc71c8538d7d9cf51bf82716b3dfadbc9ec,250,82,68,17515,0,0,0,0,0,0
94e80b3da9048372ed857f6175a4d5fd1ca8913b,250,82,68,17515,0,0,0,0,0,0
6b422a05f37641ca0b84422f2436e9d4bd144376,250,82,68,17523,0,0,0,0,10,2
b90a4f1f4a370e92054b9cc9db0efcb864f87ebe,250,82,68,17523,0,0,0,0,0,0
98a7f9fcf09fce5d32bf25e7f917c1c3026719d1,250,82,68,17523,0,0,0,0,0,0
6ab71ed7cf92a2dea7c18ddc9c2b4f3e685ea1fb,249,82,68,17517,1,2,0,0,19,25
a85575601758b3fd8d1379aa2e16bf1c24ab06f3,249,82,68,17517,0,0,0,0,0,0
aee16df63bbd7f6a7479fcd01b509f5ebaca3a0d,249,82,68,17565,0,0,0,0,61,13
19610a9e46e0989054ecd0f6be2fcb981013d8eb,249,82,68,17565,0,0,0,0,0,0
2c7f57ad5bd19743312eb34ea5fb838a1349474e,249,82,68,17565,0,0,0,0,0,0
db0fe9436e9da7f7bd14683542bbf33ba3c6d5e4,249,82,68,17565,0,0,0,0,0,0
ccf125bf30102beedafb3ecef72376bfb6c90a4d,249,82,68,17565,0,0,0,0,1,1
f48802acbb2d9f29ed3e1bcc5206bd00176cc1e3,249,82,68,17565,0,0,0,0,0,0
11c15ddfeb6edcb0978d3407ed972ae441013177,249,82,68,17565,0,0,0,0,0,0
57add386c9d3aa5717bb25ed3e216a9538f086fd,249,82,68,17565,0,0,0,0,0,0
4f42c642036e6fdd915dd492b263c3b887cdb2d9,249,82,68,17565,0,0,0,0,2,2
fc605b575bc454bb89f7f878692970f3bd4b1011,249,82,68,17565,0,0,0,0,0,0
d64ecfb244d38b5f31d6dd8f6a9f55731038c093,249,82,68,17565,0,0,0,0,1,1
67ed36910ddb974a3e98939c55ba0fde1636e426,249,82,68,17565,0,0,0,0,0,0
255c8d66af6daff3eaa063ea0819e185d4d1e214,249,82,68,17565,0,0,0,0,0,0
422e05e28dbae9fdcbca855e6727738f57cfccfe,249,82,68,17565,0,0,0,0,0,0
0d2100ed17d24b2a30594729b99feebe76839bc5,249,82,68,17565,0,0,0,0,0,0
0ce27278d234c13ce00019540ff8e9891542d1f2,249,82,68,17565,0,0,0,0,0,0
d718ecf6d3dfc4656d262154c59672437c1ea075,249,82,68,17566,0,0,0,0,2,1
088b58dbceb09b3234926af8488c016227bd7c0e,249,82,68,17566,0,0,0,0,0,0
926ab92118006c74a0a33bcb8f770522d007349a,249,82,68,17566,0,0,0,0,0,0
66af0e55ef6631d05c691707da19d0f1c46921ea,249,82,68,17566,0,0,0,0,0,0
a8956feba1e40105e7bc78fa62ce36c58d1c91e1,249,82,68,17592,0,0,0,0,78,52
a791997041b94b8a5effebc296cb427fde8e0ee5,249,82,68,17592,0,0,0,0,0,0
8a6cdf1e2a5efa81c30f6166602064ceefb0a35b,249,82,68,17592,0,0,0,0,0,0
4e6384da325f5c328526b998d199c6f957f90ea8,248,82,68,17604,0,1,0,0,15,3
eeb5f95a0f24abc5207159cc922cdda8d779f4f6,248,82,68,17604,0,0,0,0,0,0
7e5307030743b1f198da38c36f83fd279bad4529,248,82,68,17604,0,0,0,0,0,0
f93dd6e826a9bf00bf9e08d9bb3a03abcb1e974c,248,82,68,17604,0,0,0,0,0,0
db49548d7168bba319fdba400bc201528cb1d3cd,249,82,68,17604,1,0,0,0,0,0
111e5bd3129deee54ff62b0d13ed7e5739c27108,249,82,68,17604,0,0,0,0,0,0
2fec0b206c6e83ea813ab26597e15c96fab08be7,249,82,68,17604,0,0,0,0,0,0
bca18041b055102857a7e8a12f8694fddda9571b,249,82,68,17604,0,0,0,0,1,1
c5a5576522273ff028018c4e13d1fc4d0260495b,249,82,68,17604,0,0,0,0,0,0
dffe3034825edc4f84aded013fc9c6590e545ed5,249,82,68,17604,0,0,0,0,1,1
9b5549313e98044b89edb7078641d1d729b4a6c2,249,82,68,17604,0,0,0,0,0,0
2778b7c23f37d4f3cfed4cadac4bc9c90e098c50,249,82,68,17604,0,0,0,0,0,0
5e8cb740187c0561b36323dfc8510e58c3066838,249,82,68,17604,0,0,0,0,0,0
e8b91cd38aadafdf733558bbcea4810fa65bb849,249,82,68,17605,0,0,0,0,18,17
99ce7ed0e40686ec2583f90bd1cca37a207b4ea7,249,82,68,17593,0,0,0,0,17,29
62c56e08c43f5eb174d15dd050591cfba9aed548,248,82,68,17593,1,2,0,0,0,0
6f2014d353d514e404c1f40e8f0a24e2bf62b941,249,83,69,17711,1,0,1,0,145,27
ce08bc704e24c01582052f5c544fae181d08386f,249,83,69,17726,0,0,0,0,15,0
7522c4bcdb10449dc919e0ffbdebb92fe66822b5,249,83,69,17766,0,0,0,0,87,47
a20bcff8dc4e263312cfd74c11e432bfe8c194c1,249,83,69,17795,0,0,0,0,34,5
07c7d5730a2685ef2281cc635e289685e5c3d478,249,83,69,17795,0,0,0,0,0,0
10bdf61a0f751f3cb000f8f8ac5ac5b4bb535677,249,83,69,17838,0,0,0,0,82,39
7b21d43d4c763b874bc86d4c2d69a48ee492dc22,249,83,69,17861,0,0,0,0,23,0
2eab96a32a92ceb4b6947102626f896816a0291d,249,83,69,17863,0,0,0,0,7,5
22c48a738b5fb5b5cf09fb77270139f116069748,249,83,69,17868,0,0,0,0,7,2
6748a09341deeac16acb33996df95a31fae0c545,249,83,69,17868,0,0,0,0,0,0
70602a196a6da90eb0d34cdfe5d4d16a99606279,249,83,69,17868,0,0,0,0,0,0
bc098406af9537aacc436cb2ea777fbc9ff4c5aa,249,83,69,17868,0,0,0,0,0,0
4fec712f329ceecd38729af6404a2c32aed83648,249,83,69,17868,0,0,0,0,0,0
d5b7a05ab2a053c617149cfd4f7e3379bfd279e5,249,83,69,17847,0,0,0,0,0,21
6b054f8f3876ff4c31580b014d344c4cf491059d,249,83,69,17851,0,0,0,0,5,1
6b361ce06b08454329286214072139228e8c2f33,249,83,69,17851,0,0,0,0,0,0
60a11a730e8aa2450115385798ab8710804c6409,247,83,69,17851,0,2,0,0,0,0
f61172b8dd3f962d33f25c50b2f5405e90ceffa5,247,83,69,17851,0,0,0,0,0,0
b78b5a210bde49e7e04b62a2a4f453ca10e0048c,247,83,69,17825,0,0,0,0,16,42
11c45eeba3b5bcf06b84f4e864862f1019a3faa3,247,83,69,17825,0,0,0,0,1,1
bc143499cf1137a271a7cf75bdd3e16e43ede2f0,234,83,69,17825,1,14,0,0,0,0
e7e53807766ef1470bce546716a675ded4b08597,234,83,69,17833,0,0,0,0,13,5
a5f9742398c9429ef84ac8a57b0f3eb418394d9e,234,83,69,17819,0,0,0,0,31,45
e9741288637e0d9abe95311247b4842a017f7d5c,234,83,69,17819,0,0,0,0,7,7
211cce038ab6354a15a76b2c7f98fa98bfc9e6a3,234,83,69,17819,3,3,0,0,2,2
d6009c0aeb3c7fe3a841733e9dbdfbbb63b9bfd1,234,83,69,17819,0,0,0,0,0,0
284273e3c5d8005bbb4b43c4d934409a5215886e,234,83,69,17819,0,0,0,0,0,0
85c5d93cbd049c4bd0679c36fd1ddcae8c37b642,234,83,69,17819,2,2,0,0,1,1
ed1c9e953e2d67c0994e32e6c8d878291e36d4f7,234,83,69,18089,0,0,0,0,365,95
330123258e8c3dc391cbe55ab1ed94891ca83af3,234,83,69,18108,0,0,0,0,79,60
adf363679da2d9a5ddc564bb2da563c7ca083916,234,83,69,18150,0,0,0,0,456,414
88a65bb374e87a18816a780dbd4ae69d307aa85c,234,83,69,18150,0,0,0,0,0,0
70d04b5a2620705011e65f79ccfd52caa86f5d6a,234,83,69,18240,0,0,0,0,162,72
96a01e420b741c59af59301f15612fde39bfb39d,234,83,69,18240,0,0,0,0,1,1
218880c7fdedee139ac09caaf93da469b4dba14c,234,83,69,18240,0,0,0,0,0,0
2579ce9f18e67ec3213c6eceb5240310ccd46af8,234,83,69,18240,0,0,0,0,0,0
eb58d862cc4a8f31a369b6e9ad1724e9e642f13f,234,83,69,18240,0,0,0,0,0,0
809d5a8869d4ffe8656680b2438b10f7c8845613,234,83,69,18246,0,0,0,0,8,2
5880befcd22490c40f3c63d6178427f7753672c1,234,83,69,18246,0,0,0,0,4,4
9b74a90dd3c47f792734823e8793ac36f38bc4dd,234,83,69,18246,0,0,0,0,0,0
0292047b22c82921dcf165322d93a0b988328c2e,234,83,69,18246,0,0,0,0,0,0
4b8bde97d4fa3486e18dce21c3c5f75570d50164,234,83,69,18262,0,0,0,0,25,9
23df07d799f0bed3feb5beb9e5633651687da92b,234,83,69,18262,0,0,0,0,0,0
798e006f435887adceb6aab9b57cde8e20276793,235,83,69,18262,1,0,0,0,0,0
5e621a2801daf95be6d208da9dcc287bb251f63c,235,83,69,18267,0,0,0,0,27,22
976459f7cb35c8c3abc3a6e6a2728d76d1a0a5f2,235,83,69,18267,0,0,0,0,0,0
663198d7b453ffdbe86d0e0238b1feafde6ce569,235,83,69,18267,0,0,0,0,0,0
d3b78fd18a8d9e224cb9ef58a23cec9b1ffc9ce9,235,83,69,18264,0,0,0,0,1,4
12e95c93b488725f80753f34b2e0d24838ca4646,235,83,69,18272,0,0,0,0,93,85
d98eb69a354158252854ed4a5c9778e03d089191,235,83,69,18267,0,0,0,0,2,7
daca74d93a0edc458e618136de7d14803f06bc28,235,83,69,18275,0,0,0,0,56,48
a411a2434b09d9cbaa4074232b2c247d591bb655,235,83,69,18287,0,0,0,0,21,9
7b0088693ece1bd3a9238a6fdf56ed8df7a4d43b,235,83,69,18287,0,0,0,0,2,2
c34d6e81fd8e405e6d4178bf24b364918811ef17,235,83,69,18399,0,0,0,0,191,79
3a9d54f3da1de540adfdf6f1e2dea6fc0006e15d,235,83,69,18411,0,0,0,0,12,0
4cae5d8e411b1e69949d8fae669afeacbd3e5908,236,83,69,18411,1,0,0,0,0,0
7ef2946fb5151b745df30201b8c27790cac53875,236,83,69,18390,0,0,0,0,0,21
e4e4bf6543ac1f132afddb1ffd0bf02bea4c93f7,236,83,69,18390,0,0,0,0,0,0
258d68b6ff5e2244386540f48b48bab90d6ab827,236,83,69,18362,0,0,0,0,0,28
2ac89889f4cc330eabd50f295dcef02828522c69,236,83,69,18362,0,0,0,0,0,0
06ea505ce2b2042af26e96d35ebf159af7c0869d,236,83,69,18334,0,0,0,0,38,66
dcbede0cb00df32e7f1895e19e37d5f40a75d1f6,236,83,69,18337,0,0,0,0,4,1
7374c85ddefc3f4b177a698ab9f0cbb6a5c0b392,236,83,69,18337,0,0,0,0,0,0
9fcd34c9f3065640bd1cd86234216ca068633fb9,236,83,69,18337,0,0,0,0,0,0
954f5684e4841aad84a8eec7ace7b81a0d3f6831,236,83,69,18337,0,0,0,0,3,3
36e4a824f340fdee7ed50937ba8e7f6bc7d17f81,236,83,69,18337,0,0,0,0,1,1
